customer_segment,email_hash_count,ltv_mean,ltv_sum,predicted_ltv_mean,total_orders_mean,subscription_ratio_mean,engagement_score_mean
New Prospects,3300,126.18335454545455,416405.07,126.19614079865293,1.0,0.5,0.008484848484848486
Premium Customers,868,242.20866359447004,210237.12,242.26192092911901,1.0,0.5,0.024193548387096774
Standard Customers,2775,234.04575855855856,649476.98,234.0112841141041,1.0043243243243243,0.5,0.03207207207207207
